<?xml version="1.0" encoding="UTF-8" ?>
<!DOCTYPE mapper
        PUBLIC "-//mybatis.org//DTD Mapper 3.0//EN"
        "http://mybatis.org/dtd/mybatis-3-mapper.dtd">
<!--namespace命名空间,在里面可以自定义标签-->
<mapper namespace="mapper.OrdersMapper">
    <resultMap id="ordersResultMap" type="orders">
        <result column="ordertime" property="orderTime"></result>
        <result column="user_id" property="userId"></result>
    </resultMap>
    <select id="selectMoneyInt" resultType="java.lang.Float">
        select sum(money) from
        tb_orders
    </select>
</mapper>
