<?xml version="1.0" encoding="UTF-8" ?>
<!DOCTYPE mapper
        PUBLIC "-//mybatis.org//DTD Mapper 3.0//EN"
        "http://mybatis.org/dtd/mybatis-3-mapper.dtd">
<!--namespace命名空间,在里面可以自定义标签-->
<mapper namespace="mapper.OrderItemMapper">
    <resultMap id="orderItemResultMap" type="orderItem">
        <result column="order_id" property="orderId"></result>
        <result column="good_id" property="goodId"></result>
        <result column="buynum" property="buyNum"></result>
    </resultMap>


</mapper>
