<?xml version="1.0" encoding="UTF-8" ?>
<!DOCTYPE mapper
        PUBLIC "-//mybatis.org//DTD Mapper 3.0//EN"
        "http://mybatis.org/dtd/mybatis-3-mapper.dtd">
<!--namespace命名空间,在里面可以自定义标签-->
<mapper namespace="mapper.UserMapper">
    <select id="selectByPageAndStatus" resultType="pojo.dao.User">
        select * from
        tb_user
        <where>
            <if test="u.status != null and u.status != ''">
            and status = #{u.status}
            </if>
        </where>
        limit #{begin},#{size}
    </select>
    <select id="selectCountByStatus" resultType="java.lang.Integer">
        select count(*) from
        tb_user
        <where>
            <if test="u.status != null and u.status !=''">
                and status = #{u.status}
            </if>
        </where>
    </select>
</mapper>
